environment,optimizer,n,mean,std,min,max,median,q25,q75,low_power_warning
forest,msffoa,30,23.254523,2.458968,17.874300,25.123873,25.064109,20.711097,25.089706,False
forest,nsga-3,30,24.728192,0.380200,23.825211,25.080488,25.022583,24.447780,25.052125,False
forest,ooa,29,23.448201,2.044502,19.114471,25.138242,24.139722,21.622557,25.080233,False
forest,ssa,30,23.089833,2.234611,18.925066,25.253087,24.310451,20.741019,25.077330,False
urban,msffoa,30,22.676474,2.168364,19.254000,25.180521,22.589058,20.733186,25.074820,False
urban,nsga-3,30,24.909120,0.279392,24.429186,25.107601,25.060723,24.616622,25.078916,False
urban,ooa,30,22.927613,2.681672,17.910521,25.124781,25.023426,20.746777,25.092108,False
urban,ssa,30,22.452740,2.715801,17.491394,25.125840,24.266706,20.211435,25.053959,False
