environment,optimizer,n,mean,std,min,max,median,q25,q75,low_power_warning
forest,msffoa,30,4.326226,4.827614,1.636458,21.641160,1.894099,1.753355,5.479707,False
forest,nsga-3,30,2.602044,2.044022,1.599040,10.551151,1.757680,1.689138,1.840195,False
forest,ooa,29,2.779228,2.705583,1.561934,12.804242,1.770390,1.719752,1.975885,False
forest,ssa,30,4.004149,4.254299,1.587893,18.697149,1.803700,1.708326,4.892142,False
urban,msffoa,30,4.322715,4.586110,1.618135,22.577699,1.941947,1.770403,6.283726,False
urban,nsga-3,30,2.272259,1.402560,1.630190,7.609221,1.739898,1.700145,1.806089,False
urban,ooa,29,2.771903,2.225983,1.524502,9.656425,1.800391,1.675420,2.428887,False
urban,ssa,30,3.764707,3.436469,1.602597,15.611454,1.856595,1.730728,5.556912,False
