environment,optimizer,n,mean,std,min,max,median,q25,q75,low_power_warning
forest,msffoa,30,159.612134,33.645202,100.992584,299.578596,151.556662,142.995185,163.464850,False
forest,nsga-3,30,142.215523,8.088195,122.991191,156.746048,143.414387,138.144149,147.597105,False
forest,ooa,29,153.902807,69.566513,81.367947,361.705032,140.747779,119.739125,148.306481,False
forest,ssa,30,127.171739,54.894020,75.822123,342.204207,116.967230,93.629615,138.812910,False
urban,msffoa,30,184.126685,64.579996,114.860463,385.439076,161.325219,154.933548,171.651044,False
urban,nsga-3,30,147.079091,1.874920,140.627922,150.567643,147.247136,146.201480,147.974242,False
urban,ooa,30,134.813453,22.426296,78.243164,178.240390,140.186453,128.586976,145.888600,False
urban,ssa,30,156.530493,50.330258,99.644078,284.511908,140.450484,123.571129,164.822451,False
