environment,optimizer,n,mean,std,min,max,median,q25,q75,low_power_warning
forest,msffoa,30,0.974634,0.373296,0.590784,2.110345,0.849636,0.713482,1.137987,False
forest,nsga-3,30,0.649352,0.483923,0.202615,2.718125,0.509311,0.373117,0.881070,False
forest,ooa,30,19.177670,26.191596,0.797619,133.577296,9.130163,6.656694,22.683068,False
forest,ssa,30,26.187334,10.662533,5.050401,43.816988,29.284454,20.001152,33.528483,False
urban,msffoa,30,1.727371,0.842589,1.300446,5.027947,1.499817,1.395855,1.611037,False
urban,nsga-3,30,0.441507,0.413479,0.253239,2.001756,0.310869,0.280771,0.347284,False
urban,ooa,30,22.844070,27.619780,0.866612,135.410351,14.396212,3.522135,30.944304,False
urban,ssa,30,15.378559,29.563491,1.367868,124.094547,3.807012,2.859202,7.371575,False
