environment,optimizer,n,mean,std,min,max,median,q25,q75,low_power_warning
forest,msffoa,30,3081.901007,33.250672,3015.859718,3157.855780,3081.929728,3060.534026,3097.021601,False
forest,nsga-3,30,2978.069727,14.403880,2955.831247,3007.671632,2973.887019,2968.152544,2987.095260,False
forest,ooa,30,3178.765162,138.172295,3034.997986,3759.946977,3132.179986,3095.925750,3223.902056,False
forest,ssa,30,3249.899202,59.992824,3148.877289,3439.477100,3248.563711,3216.817587,3280.880929,False
urban,msffoa,30,5188.750372,52.513072,5102.670856,5301.927378,5171.346764,5151.174888,5227.893081,False
urban,nsga-3,30,4963.426514,12.542543,4955.353743,5017.323038,4959.801311,4957.898310,4961.939034,False
urban,ooa,30,5211.506437,132.117985,5043.384737,5610.486200,5200.778786,5087.884520,5305.533581,False
urban,ssa,30,5379.133437,125.222604,5169.618802,5788.088430,5358.614565,5295.066766,5429.471918,False
