environment,optimizer,n,mean,std,min,max,median,q25,q75,low_power_warning
forest,msffoa,30,0.000000,0.000000,0.000000,0.000000,0.000000,0.000000,0.000000,False
forest,nsga-3,30,0.000000,0.000000,0.000000,0.000000,0.000000,0.000000,0.000000,False
forest,ooa,30,0.346650,0.682685,0.000000,2.688825,0.000000,0.000000,0.019549,False
forest,ssa,30,0.126259,0.386629,0.000000,1.366277,0.000000,0.000000,0.000000,False
urban,msffoa,30,0.000000,0.000000,0.000000,0.000000,0.000000,0.000000,0.000000,False
urban,nsga-3,30,0.000000,0.000000,0.000000,0.000000,0.000000,0.000000,0.000000,False
urban,ooa,30,0.182088,0.562639,0.000000,2.095314,0.000000,0.000000,0.000000,False
urban,ssa,30,0.093290,0.426503,0.000000,2.299366,0.000000,0.000000,0.000000,False
