environment,optimizer,n,mean,std,min,max,median,q25,q75,low_power_warning
forest,msffoa,30,8.479730,3.499345,3.954254,15.662951,7.625384,4.988228,11.181108,False
forest,nsga-3,30,5.721586,2.030921,2.012484,10.140239,5.581898,4.596632,6.638253,False
forest,ooa,30,9.007705,4.739935,4.011360,28.316217,8.165452,5.680681,10.779635,False
forest,ssa,30,12.198377,4.792631,2.824873,22.807436,12.767328,8.140219,15.208869,False
urban,msffoa,30,9.752663,3.013231,5.035234,14.109899,9.530581,7.153525,12.691527,False
urban,nsga-3,30,2.929345,1.445434,0.387566,7.076701,3.224432,1.895215,3.356840,False
urban,ooa,30,8.435248,2.988898,4.709390,18.106786,7.437214,6.496480,9.596115,False
urban,ssa,30,13.946078,6.487892,4.845162,34.038264,13.218056,9.484293,17.610934,False
