environment,optimizer,n,mean,std,min,max,median,q25,q75,low_power_warning
forest,msffoa,30,104.769546,6.164568,91.812698,123.101087,104.528924,101.067361,108.805336,False
forest,nsga-3,30,28.918774,2.948740,25.256113,36.322863,28.504870,26.452306,30.957381,False
forest,ooa,30,89.933040,25.603199,34.599262,134.862413,93.781914,77.436833,106.498884,False
forest,ssa,30,100.440828,21.341718,61.022002,157.128027,99.970727,93.429408,108.693484,False
urban,msffoa,30,338.150385,8.834920,321.583543,362.436605,337.482327,332.671184,342.637673,False
urban,nsga-3,30,64.579294,5.408554,55.907090,76.171051,63.852207,60.658336,67.869354,False
urban,ooa,30,110.880360,52.055762,69.133617,310.644710,94.920468,77.522082,111.178477,False
urban,ssa,30,192.056033,48.408814,130.687834,315.692703,179.472932,161.404423,201.359358,False
