optimizer,avg_rank,statistic,p_value,cd_nemenyi,n_datasets
msffoa,2.100000,82.120000,0.000000,0.856333,30
nsga-3,1.000000,82.120000,0.000000,0.856333,30
ooa,3.033333,82.120000,0.000000,0.856333,30
ssa,3.866667,82.120000,0.000000,0.856333,30
