optimizer,avg_rank,statistic,p_value,cd_nemenyi,n_datasets
msffoa,3.366667,58.120000,0.000000,0.856333,30
nsga-3,1.000000,58.120000,0.000000,0.856333,30
ooa,2.700000,58.120000,0.000000,0.856333,30
ssa,2.933333,58.120000,0.000000,0.856333,30
