optimizer,avg_rank,statistic,p_value,cd_nemenyi,n_datasets
msffoa,1.833333,79.240000,0.000000,0.856333,30
nsga-3,1.166667,79.240000,0.000000,0.856333,30
ooa,3.200000,79.240000,0.000000,0.856333,30
ssa,3.800000,79.240000,0.000000,0.856333,30
