optimizer,avg_rank,statistic,p_value,cd_nemenyi,n_datasets
msffoa,2.316667,15.300000,0.001577,0.856333,30
nsga-3,2.316667,15.300000,0.001577,0.856333,30
ooa,2.816667,15.300000,0.001577,0.856333,30
ssa,2.550000,15.300000,0.001577,0.856333,30
