optimizer,avg_rank,statistic,p_value,cd_nemenyi,n_datasets
msffoa,2.400000,36.360000,0.000000,0.856333,30
nsga-3,1.500000,36.360000,0.000000,0.856333,30
ooa,2.600000,36.360000,0.000000,0.856333,30
ssa,3.500000,36.360000,0.000000,0.856333,30
