optimizer,avg_rank,statistic,p_value,cd_nemenyi,n_datasets
msffoa,2.793103,4.158621,0.244838,0.870973,29
nsga-3,2.241379,4.158621,0.244838,0.870973,29
ooa,2.275862,4.158621,0.244838,0.870973,29
ssa,2.689655,4.158621,0.244838,0.870973,29
