optimizer,avg_rank,statistic,p_value,cd_nemenyi,n_datasets
msffoa,2.050000,20.257525,0.000150,0.856333,30
nsga-3,2.716667,20.257525,0.000150,0.856333,30
ooa,3.266667,20.257525,0.000150,0.856333,30
ssa,1.966667,20.257525,0.000150,0.856333,30
