optimizer,avg_rank,statistic,p_value,cd_nemenyi,n_datasets
msffoa,2.433333,14.560000,0.002234,0.856333,30
nsga-3,3.166667,14.560000,0.002234,0.856333,30
ooa,2.500000,14.560000,0.002234,0.856333,30
ssa,1.900000,14.560000,0.002234,0.856333,30
