optimizer,avg_rank,statistic,p_value,cd_nemenyi,n_datasets
msffoa,3.344828,24.889655,0.000016,0.870973,29
nsga-3,2.655172,24.889655,0.000016,0.870973,29
ooa,2.310345,24.889655,0.000016,0.870973,29
ssa,1.689655,24.889655,0.000016,0.870973,29
