optimizer,avg_rank,statistic,p_value,cd_nemenyi,n_datasets
msffoa,1.948276,24.301038,0.000022,0.870973,29
nsga-3,3.172414,24.301038,0.000022,0.870973,29
ooa,3.000000,24.301038,0.000022,0.870973,29
ssa,1.879310,24.301038,0.000022,0.870973,29
