optimizer,avg_rank,statistic,p_value,cd_nemenyi,n_datasets
msffoa,2.896552,8.462069,0.037368,0.870973,29
nsga-3,2.103448,8.462069,0.037368,0.870973,29
ooa,2.206897,8.462069,0.037368,0.870973,29
ssa,2.793103,8.462069,0.037368,0.870973,29
