optimizer,avg_rank,statistic,p_value,cd_nemenyi,n_datasets
msffoa,3.333333,18.360000,0.000371,0.856333,30
nsga-3,2.433333,18.360000,0.000371,0.856333,30
ooa,2.000000,18.360000,0.000371,0.856333,30
ssa,2.233333,18.360000,0.000371,0.856333,30
