optimizer,avg_rank,statistic,p_value,cd_nemenyi,n_datasets
msffoa,2.655172,0.600000,0.896432,0.870973,29
nsga-3,2.482759,0.600000,0.896432,0.870973,29
ooa,2.413793,0.600000,0.896432,0.870973,29
ssa,2.448276,0.600000,0.896432,0.870973,29
