optimizer,avg_rank,statistic,p_value,cd_nemenyi,n_datasets
msffoa,2.500000,73.000000,0.000000,0.856333,30
nsga-3,1.000000,73.000000,0.000000,0.856333,30
ooa,2.666667,73.000000,0.000000,0.856333,30
ssa,3.833333,73.000000,0.000000,0.856333,30
