optimizer,avg_rank,statistic,p_value,cd_nemenyi,n_datasets
msffoa,2.200000,66.280000,0.000000,0.856333,30
nsga-3,1.066667,66.280000,0.000000,0.856333,30
ooa,3.500000,66.280000,0.000000,0.856333,30
ssa,3.233333,66.280000,0.000000,0.856333,30
