optimizer,avg_rank,statistic,p_value,cd_nemenyi,n_datasets
msffoa,2.400000,6.000000,0.111610,0.856333,30
nsga-3,2.400000,6.000000,0.111610,0.856333,30
ooa,2.600000,6.000000,0.111610,0.856333,30
ssa,2.600000,6.000000,0.111610,0.856333,30
