optimizer,avg_rank,statistic,p_value,cd_nemenyi,n_datasets
msffoa,2.266667,57.000000,0.000000,0.856333,30
nsga-3,2.200000,57.000000,0.000000,0.856333,30
ooa,1.566667,57.000000,0.000000,0.856333,30
ssa,3.966667,57.000000,0.000000,0.856333,30
