optimizer,avg_rank,statistic,p_value,cd_nemenyi,n_datasets
msffoa,2.866667,54.480000,0.000000,0.856333,30
nsga-3,1.066667,54.480000,0.000000,0.856333,30
ooa,2.666667,54.480000,0.000000,0.856333,30
ssa,3.400000,54.480000,0.000000,0.856333,30
