optimizer,avg_rank,statistic,p_value,cd_nemenyi,n_datasets
msffoa,4.000000,86.760000,0.000000,0.856333,30
nsga-3,1.000000,86.760000,0.000000,0.856333,30
ooa,2.100000,86.760000,0.000000,0.856333,30
ssa,2.900000,86.760000,0.000000,0.856333,30
